company,first_name,last_name,address,email,reg_number,phone_number,username,password,role
Riffwire,Bartel,Ricciardi,53363 Melvin Road,bricciardi0@unicef.org,0305082299,+63 (253) 984-9641,bricciardi0,aOvPAnt0aW,Construction Worker
Dabvine,Willard,Pickburn,13 Eastwood Trail,wpickburn1@mlb.com,9438235191,+7 (189) 305-8644,wpickburn1,3dogio,Estimator
Skilith,Eldin,Draijer,0 Lawn Avenue,edraijer2@freewebs.com,2590604637,+62 (815) 335-4104,edraijer2,vwbkHMOoUP,Construction Foreman
Podcat,Vittoria,Dunlop,13187 Straubel Center,vdunlop3@ustream.tv,9880449185,+55 (322) 252-0928,vdunlop3,AHry0gVaKB,Electrician
Tanoodle,Allegra,Slayny,8 Springview Park,aslayny4@java.com,0831171006,+86 (299) 731-3824,aslayny4,P8So4BKbZ,Electrician
Riffwire,Tito,Gittoes,15 Iowa Park,tgittoes5@google.nl,1497210895,+63 (100) 742-1536,tgittoes5,jok35RObPh,Electrician
Riffpedia,Mahalia,Mallen,8 Quincy Parkway,mmallen6@rambler.ru,1397702389,+46 (990) 985-2798,mmallen6,6o1tSkQBy4NM,Subcontractor
Quatz,Meta,Bates,3700 Buena Vista Pass,mbates7@bluehost.com,3544614936,+86 (303) 941-5990,mbates7,Wg2WQMuU,Construction Expeditor
Flashset,Lucille,Nesey,03020 Sheridan Center,lnesey8@sakura.ne.jp,5268907476,+86 (886) 459-4049,lnesey8,3SVQK6LnnudE,Electrician
Babbleopia,Shelli,Allibon,3 Magdeline Junction,sallibon9@imdb.com,4038876705,+48 (860) 624-2395,sallibon9,tEXE8qekWo,Engineer
Lazzy,Linoel,McFayden,59 Pine View Terrace,lmcfaydena@woothemes.com,2381037276,+375 (187) 660-5557,lmcfaydena,dLzo9y6,Construction Expeditor
Vimbo,Sandy,Drane,21 Stephen Parkway,sdraneb@domainmarket.com,4348578869,+263 (171) 686-5701,sdraneb,OK61YZ,Estimator
Myworks,Emory,Margiotta,65 Carberry Avenue,emargiottac@acquirethisname.com,8331948955,+86 (770) 387-2376,emargiottac,b1TDdj,Engineer
Dabfeed,Mignonne,Lammas,97225 Birchwood Park,mlammasd@chicagotribune.com,7199340737,+44 (350) 727-8875,mlammasd,D1gYFgfnkx,Project Manager
Kwideo,Sacha,Petrelli,8 Nova Place,spetrellie@newyorker.com,8085579847,+98 (471) 449-1943,spetrellie,7JqLYN,Construction Foreman
Jabbercube,Aldridge,Burnes,15096 Farragut Street,aburnesf@i2i.jp,7097889160,+66 (246) 831-6771,aburnesf,0vfthUaYkQnT,Project Manager
Skyndu,Chaddy,Poon,00941 Rusk Road,cpoong@biglobe.ne.jp,8165028766,+33 (631) 851-0725,cpoong,qXWJkEfYO,Construction Foreman
Abatz,Muriel,Breede,7 Miller Crossing,mbreedeh@rambler.ru,0586549056,+7 (896) 444-1198,mbreedeh,CoGCDMMbcf,Estimator
Blogtags,Melonie,Mungham,335 Dixon Point,mmunghami@guardian.co.uk,4063770141,+33 (264) 916-5465,mmunghami,3EmQnVRSX,Supervisor
Yodel,Elianora,Camm,539 Leroy Lane,ecammj@shutterfly.com,4150957266,+64 (382) 233-8057,ecammj,yLxFYQ,Construction Manager
